/*
SQLyog Ultimate v10.42 
MySQL - 5.5.5-10.0.17-MariaDB : Database - scop
*********************************************************************
*/

/*!40101 SET NAMES utf8 */;

/*!40101 SET SQL_MODE=''*/;

/*!40014 SET @OLD_UNIQUE_CHECKS=@@UNIQUE_CHECKS, UNIQUE_CHECKS=0 */;
/*!40014 SET @OLD_FOREIGN_KEY_CHECKS=@@FOREIGN_KEY_CHECKS, FOREIGN_KEY_CHECKS=0 */;
/*!40101 SET @OLD_SQL_MODE=@@SQL_MODE, SQL_MODE='NO_AUTO_VALUE_ON_ZERO' */;
/*!40111 SET @OLD_SQL_NOTES=@@SQL_NOTES, SQL_NOTES=0 */;
CREATE DATABASE /*!32312 IF NOT EXISTS*/`scop` /*!40100 DEFAULT CHARACTER SET latin1 */;

USE `scop`;

/*Table structure for table `tbl_admin_kelas` */

DROP TABLE IF EXISTS `tbl_admin_kelas`;

CREATE TABLE `tbl_admin_kelas` (
  `kelas_id` int(10) NOT NULL AUTO_INCREMENT,
  `kelas_nama` varchar(50) NOT NULL,
  `kelas_nilai_x` varchar(50) NOT NULL,
  `kelas_nilai_y` varchar(50) NOT NULL,
  `kelas_created` datetime NOT NULL DEFAULT CURRENT_TIMESTAMP,
  `kelas_creator` varchar(50) NOT NULL,
  `kelas_updated` datetime NOT NULL DEFAULT CURRENT_TIMESTAMP ON UPDATE CURRENT_TIMESTAMP,
  `kelas_updater` varchar(50) NOT NULL,
  PRIMARY KEY (`kelas_id`)
) ENGINE=InnoDB AUTO_INCREMENT=2 DEFAULT CHARSET=latin1;

/*Data for the table `tbl_admin_kelas` */

insert  into `tbl_admin_kelas`(`kelas_id`,`kelas_nama`,`kelas_nilai_x`,`kelas_nilai_y`,`kelas_created`,`kelas_creator`,`kelas_updated`,`kelas_updater`) values (1,'Struktur Data','Nilai IPK','Nilai Algoritma dan Pemrograman','2018-12-27 16:44:56','','2019-08-06 23:36:31','admin');

/*Table structure for table `tbl_admin_kelas_users` */

DROP TABLE IF EXISTS `tbl_admin_kelas_users`;

CREATE TABLE `tbl_admin_kelas_users` (
  `kelas_users_id` int(10) NOT NULL AUTO_INCREMENT,
  `user_id` int(3) NOT NULL,
  `kelas_id` int(3) NOT NULL,
  `kelas_users_created` datetime NOT NULL DEFAULT CURRENT_TIMESTAMP,
  `kelas_users_creator` varchar(50) NOT NULL,
  `kelas_users_updated` datetime NOT NULL DEFAULT CURRENT_TIMESTAMP ON UPDATE CURRENT_TIMESTAMP,
  `kelas_users_updater` varchar(50) NOT NULL,
  PRIMARY KEY (`kelas_users_id`),
  KEY `FK_user_id_kelas_users` (`user_id`),
  KEY `FK_kelas_id_kelas_users` (`kelas_id`),
  CONSTRAINT `FK_kelas_id_kelas_users` FOREIGN KEY (`kelas_id`) REFERENCES `tbl_admin_kelas` (`kelas_id`) ON DELETE CASCADE ON UPDATE CASCADE,
  CONSTRAINT `FK_user_id_kelas_users` FOREIGN KEY (`user_id`) REFERENCES `tbl_users` (`user_id`) ON DELETE CASCADE ON UPDATE CASCADE
) ENGINE=InnoDB AUTO_INCREMENT=41 DEFAULT CHARSET=latin1;

/*Data for the table `tbl_admin_kelas_users` */

insert  into `tbl_admin_kelas_users`(`kelas_users_id`,`user_id`,`kelas_id`,`kelas_users_created`,`kelas_users_creator`,`kelas_users_updated`,`kelas_users_updater`) values (1,1,1,'2018-12-27 10:08:00','123456','2019-01-03 14:08:22','123456'),(2,2,1,'2018-12-27 10:08:00','123456','2018-12-27 10:08:00','123456'),(3,3,1,'2018-12-27 10:08:00','123456','2018-12-27 10:08:00','123456'),(4,4,1,'2018-12-27 10:08:00','123456','2018-12-27 10:08:00','123456'),(5,5,1,'2018-12-27 10:08:00','123456','2018-12-27 10:08:00','123456'),(6,6,1,'2018-12-27 10:08:00','123456','2018-12-27 10:08:00','123456'),(7,7,1,'2018-12-27 10:08:00','123456','2018-12-27 10:08:00','123456'),(8,8,1,'2018-12-27 10:08:00','123456','2018-12-27 10:08:00','123456'),(9,9,1,'2018-12-27 10:08:00','123456','2018-12-27 10:08:00','123456'),(10,10,1,'2018-12-27 10:08:00','123456','2018-12-27 10:08:00','123456'),(11,11,1,'2018-12-27 10:08:00','123456','2018-12-27 10:08:00','123456'),(12,12,1,'2018-12-27 10:08:00','123456','2018-12-27 10:08:00','123456'),(13,13,1,'2018-12-27 10:08:00','123456','2018-12-27 10:08:00','123456'),(14,14,1,'2018-12-27 10:08:00','123456','2018-12-27 10:08:00','123456'),(15,15,1,'2018-12-27 10:08:00','123456','2018-12-27 10:08:00','123456'),(16,16,1,'2018-12-27 10:08:00','123456','2018-12-27 10:08:00','123456'),(17,17,1,'2018-12-27 10:08:00','123456','2018-12-27 10:08:00','123456'),(18,18,1,'2018-12-27 10:08:00','123456','2018-12-27 10:08:00','123456'),(19,19,1,'2018-12-27 10:08:00','123456','2018-12-27 10:08:00','123456'),(20,20,1,'2018-12-27 10:08:00','123456','2018-12-27 10:08:00','123456'),(21,21,1,'2018-12-27 10:08:00','123456','2018-12-27 10:08:00','123456'),(22,22,1,'2018-12-27 10:08:00','123456','2018-12-27 10:08:00','123456'),(23,23,1,'2018-12-27 10:08:00','123456','2018-12-27 10:08:00','123456'),(24,24,1,'2018-12-27 10:08:00','123456','2018-12-27 10:08:00','123456'),(25,25,1,'2018-12-27 10:08:00','123456','2018-12-27 10:08:00','123456'),(26,26,1,'2018-12-27 10:08:00','123456','2018-12-27 10:08:00','123456'),(27,27,1,'2018-12-27 10:08:00','123456','2018-12-27 10:08:00','123456'),(28,28,1,'2018-12-27 10:08:00','123456','2018-12-27 10:08:00','123456'),(29,29,1,'2018-12-27 10:08:00','123456','2018-12-27 10:08:00','123456'),(30,30,1,'2018-12-27 10:08:00','123456','2018-12-27 10:08:00','123456');

/*Table structure for table `tbl_admin_materi` */

DROP TABLE IF EXISTS `tbl_admin_materi`;

CREATE TABLE `tbl_admin_materi` (
  `materi_id` int(10) NOT NULL AUTO_INCREMENT,
  `kelas_id` int(10) NOT NULL,
  `materi_topik` int(3) NOT NULL,
  `materi_nama` varchar(200) NOT NULL,
  `materi_linkvideo` varchar(200) DEFAULT NULL,
  `materi_file` varchar(200) DEFAULT NULL,
  `materi_created` datetime NOT NULL DEFAULT CURRENT_TIMESTAMP,
  `materi_creator` varchar(50) NOT NULL,
  `materi_updated` datetime NOT NULL,
  `materi_updater` varchar(50) NOT NULL,
  PRIMARY KEY (`materi_id`),
  KEY `FK_kelas_id_materi` (`kelas_id`),
  CONSTRAINT `FK_kelas_id_materi` FOREIGN KEY (`kelas_id`) REFERENCES `tbl_admin_kelas` (`kelas_id`) ON DELETE CASCADE ON UPDATE CASCADE
) ENGINE=InnoDB AUTO_INCREMENT=7 DEFAULT CHARSET=latin1;

/*Data for the table `tbl_admin_materi` */

insert  into `tbl_admin_materi`(`materi_id`,`kelas_id`,`materi_topik`,`materi_nama`,`materi_linkvideo`,`materi_file`,`materi_created`,`materi_creator`,`materi_updated`,`materi_updater`) values (3,1,1,'Topik 1','','TOPIK1.pdf','2019-08-18 18:21:31','admin','0000-00-00 00:00:00','admin'),(4,1,2,'Topik 2','','TOPIK2.pdf','2019-08-18 18:25:48','admin','0000-00-00 00:00:00',''),(5,1,3,'Topik 3','','TOPIK3.pdf','2019-08-18 18:26:10','admin','0000-00-00 00:00:00',''),(6,1,4,'Topik 4','','TOPIK4.pdf','2019-08-18 18:26:35','admin','0000-00-00 00:00:00','');

/*Table structure for table `tbl_admin_nilai` */

DROP TABLE IF EXISTS `tbl_admin_nilai`;

CREATE TABLE `tbl_admin_nilai` (
  `nilai_id` int(10) NOT NULL AUTO_INCREMENT,
  `kelas_users_id` int(3) NOT NULL,
  `nilai_angka` double NOT NULL COMMENT 'Nilai Akhir',
  `nilai_makalah` int(3) NOT NULL,
  `nilai_presentasi` int(3) NOT NULL,
  `nilai_kelompok` int(3) NOT NULL,
  `nilai_individu` int(3) NOT NULL,
  `nilai_praktek` int(3) NOT NULL,
  `nilai_peningkatan` int(3) NOT NULL,
  `nilai_topik` int(3) NOT NULL,
  `nilai_created` datetime NOT NULL DEFAULT CURRENT_TIMESTAMP,
  `nilai_creator` varchar(50) NOT NULL,
  `nilai_updated` datetime NOT NULL DEFAULT CURRENT_TIMESTAMP ON UPDATE CURRENT_TIMESTAMP,
  `nilai_updater` varchar(50) NOT NULL,
  PRIMARY KEY (`nilai_id`),
  KEY `FK_kelas_users_id_nilai` (`kelas_users_id`),
  CONSTRAINT `FK_kelas_users_id_nilai` FOREIGN KEY (`kelas_users_id`) REFERENCES `tbl_admin_kelas_users` (`kelas_users_id`) ON DELETE CASCADE ON UPDATE CASCADE
) ENGINE=InnoDB AUTO_INCREMENT=161 DEFAULT CHARSET=latin1;

/*Data for the table `tbl_admin_nilai` */

insert  into `tbl_admin_nilai`(`nilai_id`,`kelas_users_id`,`nilai_angka`,`nilai_makalah`,`nilai_presentasi`,`nilai_kelompok`,`nilai_individu`,`nilai_praktek`,`nilai_peningkatan`,`nilai_topik`,`nilai_created`,`nilai_creator`,`nilai_updated`,`nilai_updater`) values (1,8,66.16,78,70,72,82,78,65,1,'2019-08-15 02:07:00','admin','2020-06-09 23:07:42','admin'),(2,23,68.59,65,83,77,76,56,80,1,'2019-08-15 02:07:00','admin','2020-06-09 23:07:42','admin'),(3,20,58.79,77,60,63,66,58,78,1,'2019-08-15 02:07:00','admin','2020-06-09 23:07:43','admin'),(4,1,70.31,70,77,70,79,67,100,1,'2019-08-15 02:07:00','admin','2020-06-09 23:07:42','admin'),(5,2,57.94,62,70,60,58,58,76,1,'2019-08-15 02:07:00','admin','2020-06-09 23:07:43','admin'),(7,22,67.61,70,67,60,85,78,65,1,'2019-08-15 02:07:00','admin','2020-06-09 23:07:42','admin'),(9,24,68.22,67,76,79,71,78,60,1,'2019-08-15 02:07:00','admin','2020-06-09 23:07:43','admin'),(10,7,53.46,68,60,63,57,45,55,1,'2019-08-15 02:07:00','admin','2020-06-09 23:07:42','admin'),(11,29,66.74,60,78,72,64,78,73,1,'2019-08-15 02:07:00','admin','2020-06-09 23:07:43','admin'),(12,26,72.94,74,77,79,75,87,74,1,'2019-08-15 02:07:00','admin','2020-06-09 23:07:43','admin'),(13,30,69.09,68,66,79,62,90,65,1,'2019-08-15 02:07:00','admin','2020-06-09 23:07:43','admin'),(14,9,68.72,67,81,60,76,89,100,1,'2019-08-15 02:07:00','admin','2020-06-09 23:07:42','admin'),(15,21,64.59,67,70,63,70,76,78,1,'2019-08-15 02:07:00','admin','2020-06-09 23:07:43','admin'),(17,12,72.66,75,77,77,79,78,85,1,'2019-08-15 02:07:00','admin','2020-06-09 23:07:43','admin'),(21,11,65.75,78,73,78,73,67,65,1,'2019-08-15 02:07:00','admin','2020-06-09 23:07:43','admin'),(25,4,65.71,78,70,82,69,78,45,1,'2019-08-15 02:07:00','admin','2020-06-09 23:07:43','admin'),(26,5,65.69,71,69,82,63,96,67,1,'2019-08-15 02:07:00','admin','2020-06-09 23:07:42','admin'),(27,6,69.02,65,64,77,71,75,89,1,'2019-08-15 02:07:00','admin','2020-06-09 23:07:42','admin'),(28,14,69.32,72,61,82,74,67,70,1,'2019-08-15 02:07:00','admin','2020-06-09 23:07:42','admin'),(29,17,66.58,60,71,79,63,67,70,1,'2019-08-15 02:07:00','admin','2020-06-09 23:07:43','admin'),(30,28,62.72,65,69,78,70,56,60,1,'2019-08-15 02:07:00','admin','2020-06-09 23:07:43','admin'),(31,16,71.65,85,75,72,63,86,60,1,'2019-08-15 02:07:00','admin','2020-06-09 23:07:43','admin'),(32,18,66.36,71,78,70,70,78,90,1,'2019-08-15 02:07:00','admin','2020-06-09 23:07:43','admin'),(33,13,66.96,61,73,79,63,86,73,1,'2019-08-15 02:07:00','admin','2020-06-09 23:07:43','admin'),(35,15,67.19,71,74,77,72,87,50,1,'2019-08-15 02:07:00','admin','2020-06-09 23:07:42','admin'),(36,25,65.98,60,61,72,68,87,75,1,'2019-08-15 02:07:00','admin','2020-06-09 23:07:42','admin'),(37,27,63.2,68,63,70,64,87,45,1,'2019-08-15 02:07:00','admin','2020-06-09 23:07:43','admin'),(38,10,68.86,73,65,79,71,67,90,1,'2019-08-15 02:07:00','admin','2020-06-09 23:07:43','admin'),(39,19,63.59,67,70,60,79,68,75,1,'2019-08-15 02:07:00','admin','2020-06-09 23:07:42','admin'),(40,3,62.26,69,66,78,62,56,65,1,'2019-08-15 02:07:00','admin','2020-06-09 23:07:42','admin'),(41,8,70.37,75,74,85,84,78,65,2,'2019-08-15 02:07:00','admin','2020-06-09 23:15:12','admin'),(42,23,68.84,79,77,84,76,56,80,2,'2019-08-15 02:07:00','admin','2020-06-09 23:15:12','admin'),(43,20,66.49,77,75,87,72,58,78,2,'2019-08-15 02:07:00','admin','2020-06-09 23:15:13','admin'),(44,1,66.85,75,70,75,64,67,100,2,'2019-08-15 02:07:00','admin','2020-06-09 23:15:12','admin'),(45,2,61.59,79,67,80,77,58,76,2,'2019-08-15 02:07:00','admin','2020-06-09 23:15:13','admin'),(47,22,70.26,77,79,87,77,78,65,2,'2019-08-15 02:07:00','admin','2020-06-09 23:15:12','admin'),(49,24,66.49,67,70,84,71,78,60,2,'2019-08-15 02:07:00','admin','2020-06-09 23:15:13','admin'),(50,7,60.34,70,73,72,72,45,55,2,'2019-08-15 02:07:00','admin','2020-06-09 23:15:12','admin'),(51,29,66.91,60,77,76,75,78,73,2,'2019-08-15 02:07:00','admin','2020-06-09 23:15:13','admin'),(52,26,73.17,81,75,76,75,87,74,2,'2019-08-15 02:07:00','admin','2020-06-09 23:15:13','admin'),(53,30,71.63,68,79,82,69,90,65,2,'2019-08-15 02:07:00','admin','2020-06-09 23:15:13','admin'),(54,9,76.29,78,81,85,66,89,100,2,'2019-08-15 02:07:00','admin','2020-06-09 23:15:12','admin'),(55,21,68.92,67,81,85,71,76,78,2,'2019-08-15 02:07:00','admin','2020-06-09 23:15:13','admin'),(57,12,75.1,89,69,80,72,78,85,2,'2019-08-15 02:07:00','admin','2020-06-09 23:15:13','admin'),(61,11,68.83,78,79,82,73,67,65,2,'2019-08-15 02:07:00','admin','2020-06-09 23:15:13','admin'),(65,4,67.24,78,76,89,69,78,45,2,'2019-08-15 02:07:00','admin','2020-06-09 23:15:12','admin'),(66,5,71.53,81,77,82,63,96,67,2,'2019-08-15 02:07:00','admin','2020-06-09 23:15:12','admin'),(67,6,70.52,67,76,80,70,75,89,2,'2019-08-15 02:07:00','admin','2020-06-09 23:15:12','admin'),(68,14,69.73,79,75,85,74,67,70,2,'2019-08-15 02:07:00','admin','2020-06-09 23:15:12','admin'),(69,17,67.39,85,73,75,78,67,70,2,'2019-08-15 02:07:00','admin','2020-06-09 23:15:13','admin'),(70,28,68.41,80,82,84,83,56,60,2,'2019-08-15 02:07:00','admin','2020-06-09 23:15:13','admin'),(71,16,73.16,85,87,72,80,86,60,2,'2019-08-15 02:07:00','admin','2020-06-09 23:15:13','admin'),(72,18,69.85,80,70,75,72,78,90,2,'2019-08-15 02:07:00','admin','2020-06-09 23:15:13','admin'),(73,13,69.19,65,68,77,66,86,73,2,'2019-08-15 02:07:00','admin','2020-06-09 23:15:13','admin'),(75,15,72.62,70,79,87,83,87,50,2,'2019-08-15 02:07:00','admin','2020-06-09 23:15:12','admin'),(76,25,76.41,87,79,89,76,87,75,2,'2019-08-15 02:07:00','admin','2020-06-09 23:15:12','admin'),(77,27,72.3,68,78,89,71,87,45,2,'2019-08-15 02:07:00','admin','2020-06-09 23:15:13','admin'),(78,10,70.68,78,69,76,80,67,90,2,'2019-08-15 02:07:00','admin','2020-06-09 23:15:13','admin'),(79,19,64.96,70,72,85,73,68,75,2,'2019-08-15 02:07:00','admin','2020-06-09 23:15:11','admin'),(80,3,63.04,61,79,85,73,56,65,2,'2019-08-15 02:07:00','admin','2020-06-09 23:15:11','admin'),(81,8,69.15,70,70,85,82,78,65,3,'2019-08-15 02:07:00','admin','2020-06-09 23:20:07','admin'),(82,23,68.63,85,81,89,76,56,80,3,'2019-08-15 02:07:00','admin','2020-06-09 23:20:07','admin'),(83,20,62.2,79,69,60,72,58,78,3,'2019-08-15 02:07:00','admin','2020-06-09 23:20:07','admin'),(84,1,67.01,68,70,80,79,67,100,3,'2019-08-15 02:07:00','admin','2020-06-09 23:20:07','admin'),(85,2,70.22,70,79,85,77,58,76,3,'2019-08-15 02:07:00','admin','2020-06-09 23:20:07','admin'),(87,22,65.37,68,67,60,85,78,65,3,'2019-08-15 02:07:00','admin','2020-06-09 23:20:07','admin'),(89,24,72.12,87,76,89,71,78,60,3,'2019-08-15 02:07:00','admin','2020-06-09 23:20:07','admin'),(90,7,56.79,67,60,72,71,45,55,3,'2019-08-15 02:07:00','admin','2020-06-09 23:20:07','admin'),(91,29,74.11,81,78,74,81,78,73,3,'2019-08-15 02:07:00','admin','2020-06-09 23:20:07','admin'),(92,26,70.46,70,77,79,75,87,74,3,'2019-08-15 02:07:00','admin','2020-06-09 23:20:07','admin'),(93,30,71.79,78,66,82,69,90,65,3,'2019-08-15 02:07:00','admin','2020-06-09 23:20:08','admin'),(94,9,75.9,81,81,70,76,89,100,3,'2019-08-15 02:07:00','admin','2020-06-09 23:20:07','admin'),(95,21,70.73,79,70,81,70,76,78,3,'2019-08-15 02:07:00','admin','2020-06-09 23:20:07','admin'),(97,12,74.98,77,78,77,79,78,85,3,'2019-08-15 02:07:00','admin','2020-06-09 23:20:07','admin'),(101,11,64.99,67,80,78,73,67,65,3,'2019-08-15 02:07:00','admin','2020-06-09 23:20:07','admin'),(105,4,65.68,69,70,89,69,78,45,3,'2019-08-15 02:07:00','admin','2020-06-09 23:20:06','admin'),(106,5,72.83,78,69,84,63,96,67,3,'2019-08-15 02:07:00','admin','2020-06-09 23:20:07','admin'),(107,6,69.91,65,87,77,78,75,89,3,'2019-08-15 02:07:00','admin','2020-06-09 23:20:07','admin'),(108,14,70.41,89,61,85,78,67,70,3,'2019-08-15 02:07:00','admin','2020-06-09 23:20:07','admin'),(109,17,67.4,68,83,72,76,67,70,3,'2019-08-15 02:07:00','admin','2020-06-09 23:20:07','admin'),(110,28,68.96,67,74,89,83,56,60,3,'2019-08-15 02:07:00','admin','2020-06-09 23:20:07','admin'),(111,16,68.51,78,75,70,63,86,60,3,'2019-08-15 02:07:00','admin','2020-06-09 23:20:07','admin'),(112,18,75.49,75,78,85,86,78,90,3,'2019-08-15 02:07:00','admin','2020-06-09 23:20:07','admin'),(113,13,74.01,75,87,72,85,86,73,3,'2019-08-15 02:07:00','admin','2020-06-09 23:20:07','admin'),(115,15,63.6,79,74,60,72,87,50,3,'2019-08-15 02:07:00','admin','2020-06-09 23:20:07','admin'),(116,25,73.4,80,75,86,80,87,75,3,'2019-08-15 02:07:00','admin','2020-06-09 23:20:07','admin'),(117,27,67.16,76,63,83,71,87,45,3,'2019-08-15 02:07:00','admin','2020-06-09 23:20:07','admin'),(118,10,70.45,60,85,76,71,67,90,3,'2019-08-15 02:07:00','admin','2020-06-09 23:20:07','admin'),(119,19,70.54,77,70,85,79,68,75,3,'2019-08-15 02:07:00','admin','2020-06-09 23:20:07','admin'),(120,3,67.6,85,75,70,88,56,65,3,'2019-08-15 02:07:00','admin','2020-06-09 23:20:06','admin'),(121,8,68.47,76,85,81,82,78,65,4,'2019-08-15 02:07:00','admin','2020-06-09 23:24:56','admin'),(122,23,69.16,85,97,84,76,56,80,4,'2019-08-15 02:07:00','admin','2020-06-09 23:24:56','admin'),(123,20,66.73,83,69,87,72,58,78,4,'2019-08-15 02:07:00','admin','2020-06-09 23:24:57','admin'),(124,1,73.35,95,95,83,70,67,100,4,'2019-08-15 02:07:00','admin','2020-06-09 23:24:56','admin'),(125,2,69.47,70,79,80,77,58,76,4,'2019-08-15 02:07:00','admin','2020-06-09 23:24:57','admin'),(127,22,73.87,79,83,86,85,78,65,4,'2019-08-15 02:07:00','admin','2020-06-09 23:24:56','admin'),(129,24,69.18,75,76,79,71,78,60,4,'2019-08-15 02:07:00','admin','2020-06-09 23:24:57','admin'),(130,7,65.15,65,95,84,71,45,55,4,'2019-08-15 02:07:00','admin','2020-06-09 23:24:56','admin'),(131,29,69.99,80,78,74,81,78,73,4,'2019-08-15 02:07:00','admin','2020-06-09 23:24:57','admin'),(132,26,72.94,74,77,79,75,87,74,4,'2019-08-15 02:07:00','admin','2020-06-09 23:24:57','admin'),(133,30,75.11,89,66,82,69,90,65,4,'2019-08-15 02:07:00','admin','2020-06-09 23:24:57','admin'),(134,9,77.56,93,75,88,76,89,100,4,'2019-08-15 02:07:00','admin','2020-06-09 23:24:56','admin'),(135,21,70.27,81,70,63,70,76,78,4,'2019-08-15 02:07:00','admin','2020-06-09 23:24:57','admin'),(137,12,73.78,67,78,77,79,78,85,4,'2019-08-15 02:07:00','admin','2020-06-09 23:24:57','admin'),(141,11,67.39,87,80,78,73,67,65,4,'2019-08-15 02:07:00','admin','2020-06-09 23:24:57','admin'),(145,4,68.4,75,70,89,69,78,45,4,'2019-08-15 02:07:00','admin','2020-06-09 23:24:56','admin'),(146,5,68.47,75,69,84,63,96,67,4,'2019-08-15 02:07:00','admin','2020-06-09 23:24:56','admin'),(147,6,73.42,87,86,83,65,75,89,4,'2019-08-15 02:07:00','admin','2020-06-09 23:24:56','admin'),(148,14,64.96,69,61,82,74,67,70,4,'2019-08-15 02:07:00','admin','2020-06-09 23:24:56','admin'),(149,17,67.8,78,83,80,76,67,70,4,'2019-08-15 02:07:00','admin','2020-06-09 23:24:56','admin'),(150,28,70.16,77,74,89,83,56,60,4,'2019-08-15 02:07:00','admin','2020-06-09 23:24:56','admin'),(151,16,69.17,81,75,72,63,86,60,4,'2019-08-15 02:07:00','admin','2020-06-09 23:24:57','admin'),(152,18,72.14,70,78,80,86,78,90,4,'2019-08-15 02:07:00','admin','2020-06-09 23:24:57','admin'),(153,13,71.85,77,87,75,66,86,73,4,'2019-08-15 02:07:00','admin','2020-06-09 23:24:57','admin'),(155,15,70.22,74,83,86,76,87,50,4,'2019-08-15 02:07:00','admin','2020-06-09 23:24:56','admin'),(156,25,73.88,74,90,86,80,87,75,4,'2019-08-15 02:07:00','admin','2020-06-09 23:24:56','admin'),(157,27,69.4,60,90,83,71,87,45,4,'2019-08-15 02:07:00','admin','2020-06-09 23:24:57','admin'),(158,10,67.89,72,85,76,71,67,90,4,'2019-08-15 02:07:00','admin','2020-06-09 23:24:56','admin'),(159,19,73,89,79,79,87,68,75,4,'2019-08-15 02:07:00','admin','2020-06-09 23:24:56','admin'),(160,3,69.25,82,72,85,88,56,65,4,'2019-08-15 02:07:00','admin','2020-06-09 23:24:56','admin');

/*Table structure for table `tbl_admin_nilai_pretest` */

DROP TABLE IF EXISTS `tbl_admin_nilai_pretest`;

CREATE TABLE `tbl_admin_nilai_pretest` (
  `nilaipretest_id` int(10) NOT NULL AUTO_INCREMENT,
  `kelas_users_id` int(3) NOT NULL,
  `nilai_pretest` int(3) NOT NULL,
  `nilaipretest_topik` int(3) NOT NULL,
  `nilaipretest_created` datetime NOT NULL DEFAULT CURRENT_TIMESTAMP,
  `nilaipretest_creator` varchar(50) NOT NULL,
  `nilaipretest_updated` datetime NOT NULL DEFAULT CURRENT_TIMESTAMP ON UPDATE CURRENT_TIMESTAMP,
  `nilaipretest_updater` varchar(50) NOT NULL,
  PRIMARY KEY (`nilaipretest_id`),
  KEY `FK_kelas_users_id_nilai` (`kelas_users_id`),
  CONSTRAINT `FK_kelas_users_id_nilai_pretest` FOREIGN KEY (`kelas_users_id`) REFERENCES `tbl_admin_kelas_users` (`kelas_users_id`) ON DELETE CASCADE ON UPDATE CASCADE
) ENGINE=InnoDB AUTO_INCREMENT=199 DEFAULT CHARSET=latin1 ROW_FORMAT=COMPACT;

/*Data for the table `tbl_admin_nilai_pretest` */

insert  into `tbl_admin_nilai_pretest`(`nilaipretest_id`,`kelas_users_id`,`nilai_pretest`,`nilaipretest_topik`,`nilaipretest_created`,`nilaipretest_creator`,`nilaipretest_updated`,`nilaipretest_updater`) values (51,29,40,2,'2019-08-15 02:07:00','admin','2020-03-20 01:03:37','admin'),(52,26,50,2,'2019-08-15 02:07:00','admin','2020-03-20 01:04:11','admin'),(53,30,50,2,'2019-08-15 02:07:00','admin','2020-03-20 01:04:54','admin'),(54,9,50,2,'2019-08-15 02:07:00','admin','2020-03-20 01:05:10','admin'),(55,21,40,2,'2019-08-15 02:07:00','admin','2020-03-20 01:05:26','admin'),(57,12,60,2,'2019-08-15 02:07:00','admin','2019-08-15 02:08:00','admin'),(61,11,50,2,'2019-08-15 02:07:00','admin','2020-03-20 01:07:55','admin'),(65,4,40,2,'2019-08-15 02:07:00','admin','2020-03-20 01:10:10','admin'),(66,5,40,2,'2019-08-15 02:07:00','admin','2020-03-20 01:10:27','admin'),(67,6,50,2,'2019-08-15 02:07:00','admin','2020-03-20 01:10:43','admin'),(68,14,50,2,'2019-08-15 02:07:00','admin','2020-03-20 01:41:37','admin'),(69,17,40,2,'2019-08-15 02:07:00','admin','2020-03-20 01:41:53','admin'),(70,28,50,2,'2019-08-15 02:07:00','admin','2020-03-20 02:29:47','admin'),(71,16,50,2,'2019-08-15 02:07:00','admin','2020-03-20 02:30:00','admin'),(72,18,40,2,'2019-08-15 02:07:00','admin','2020-03-20 02:31:49','admin'),(73,13,50,2,'2019-08-15 02:07:00','admin','2020-03-20 02:45:31','admin'),(75,15,50,2,'2019-08-15 02:07:00','admin','2020-03-20 02:46:26','admin'),(76,25,50,2,'2019-08-15 02:07:00','admin','2020-03-20 03:18:40','admin'),(77,27,60,2,'2019-08-15 02:07:00','admin','2020-03-20 02:46:06','admin'),(78,10,50,2,'2019-08-15 02:07:00','admin','2020-03-20 03:18:05','admin'),(79,19,30,2,'2019-08-15 02:07:00','admin','2020-03-20 03:18:22','admin'),(80,3,40,2,'2019-08-15 02:07:00','admin','2020-03-20 03:25:04','admin'),(81,8,40,3,'2019-08-15 02:07:00','admin','2020-03-20 03:25:25','admin'),(82,23,40,3,'2019-08-15 02:07:00','admin','2020-03-20 03:28:02','admin'),(83,20,40,3,'2019-08-15 02:07:00','admin','2020-03-20 03:28:53','admin'),(84,1,30,3,'2019-08-16 03:10:00','admin','2020-03-20 03:29:05','admin'),(85,2,60,3,'2019-08-15 02:07:00','admin','2019-08-15 02:08:00','admin'),(87,22,40,3,'2019-08-15 02:07:00','admin','2020-03-20 03:39:30','admin'),(89,24,50,3,'2019-08-15 02:07:00','admin','2020-03-20 03:39:43','admin'),(90,7,40,3,'2019-08-15 02:07:00','admin','2020-03-20 03:40:23','admin'),(91,29,60,3,'2019-08-15 02:07:00','admin','2020-03-20 03:40:08','admin'),(92,26,40,3,'2019-08-15 02:07:00','admin','2020-03-20 03:40:40','admin'),(93,30,50,3,'2019-08-15 02:07:00','admin','2020-03-20 03:40:53','admin'),(94,9,50,3,'2019-08-15 02:07:00','admin','2020-03-20 03:41:05','admin'),(95,21,50,3,'2019-08-15 02:07:00','admin','2020-03-20 03:41:22','admin'),(97,12,60,3,'2019-08-15 02:07:00','admin','2019-08-15 02:08:00','admin'),(101,11,40,3,'2019-08-15 02:07:00','admin','2020-03-20 03:41:41','admin'),(105,4,40,3,'2019-08-15 02:07:00','admin','2020-03-20 03:42:08','admin'),(106,5,50,3,'2019-08-15 02:07:00','admin','2020-03-20 03:42:21','admin'),(107,6,40,3,'2019-08-15 02:07:00','admin','2020-03-20 03:42:38','admin'),(108,14,50,3,'2019-08-15 02:07:00','admin','2020-03-20 03:42:52','admin'),(109,17,50,3,'2019-08-15 02:07:00','admin','2020-03-20 03:43:04','admin'),(110,28,60,3,'2019-08-15 02:07:00','admin','2020-03-20 03:43:19','admin'),(111,16,50,3,'2019-08-15 02:07:00','admin','2020-03-20 03:43:32','admin'),(112,18,50,3,'2019-08-15 02:07:00','admin','2020-03-20 03:43:45','admin'),(113,13,50,3,'2019-08-15 02:07:00','admin','2020-03-20 03:44:00','admin'),(115,15,30,3,'2019-08-15 02:07:00','admin','2020-03-20 03:44:31','admin'),(116,25,40,3,'2019-08-15 02:07:00','admin','2020-03-20 03:44:14','admin'),(117,27,40,3,'2019-08-15 02:07:00','admin','2020-03-20 03:48:20','admin'),(118,10,60,3,'2019-08-15 02:07:00','admin','2020-03-20 03:48:38','admin'),(119,19,50,3,'2019-08-15 02:07:00','admin','2020-03-20 03:48:59','admin'),(120,3,50,3,'2019-08-15 02:07:00','admin','2020-03-20 03:49:13','admin'),(121,8,30,4,'2019-08-15 02:07:00','admin','2020-03-20 03:49:44','admin'),(122,23,40,4,'2019-08-15 02:07:00','admin','2020-03-20 03:50:01','admin'),(123,20,40,4,'2019-08-15 02:07:00','admin','2020-03-20 03:50:19','admin'),(124,1,40,4,'2019-08-16 03:10:00','admin','2020-03-20 03:50:35','admin'),(125,2,60,4,'2019-08-15 02:07:00','admin','2019-08-15 02:08:00','admin'),(127,22,50,4,'2019-08-15 02:07:00','admin','2020-03-20 03:50:49','admin'),(129,24,50,4,'2019-08-15 02:07:00','admin','2020-03-20 03:51:07','admin'),(130,7,60,4,'2019-08-15 02:07:00','admin','2020-03-20 03:51:21','admin'),(131,29,40,4,'2019-08-15 02:07:00','admin','2020-03-20 03:51:40','admin'),(132,26,50,4,'2019-08-15 02:07:00','admin','2020-03-20 03:52:06','admin'),(133,30,60,4,'2019-08-15 02:07:00','admin','2020-03-20 03:52:22','admin'),(134,9,40,4,'2019-08-15 02:07:00','admin','2020-03-20 03:52:36','admin'),(135,21,60,4,'2019-08-15 02:07:00','admin','2020-03-20 03:52:52','admin'),(137,12,60,4,'2019-08-15 02:07:00','admin','2019-08-15 02:08:00','admin'),(141,11,40,4,'2019-08-15 02:07:00','admin','2020-03-20 03:53:08','admin'),(145,4,50,4,'2019-08-15 02:07:00','admin','2020-03-20 04:00:57','admin'),(146,5,30,4,'2019-08-15 02:07:00','admin','2020-03-20 04:01:15','admin'),(147,6,50,4,'2019-08-15 02:07:00','admin','2020-03-20 04:01:40','admin'),(148,14,40,4,'2019-08-15 02:07:00','admin','2020-03-20 04:01:56','admin'),(149,17,40,4,'2019-08-15 02:07:00','admin','2020-03-20 04:02:17','admin'),(150,28,60,4,'2019-08-15 02:07:00','admin','2020-03-20 04:02:38','admin'),(151,16,50,4,'2019-08-15 02:07:00','admin','2020-03-20 04:03:00','admin'),(152,18,40,4,'2019-08-15 02:07:00','admin','2020-03-20 04:03:14','admin'),(153,13,50,4,'2019-08-15 02:07:00','admin','2020-03-20 04:03:29','admin'),(155,15,40,4,'2019-08-15 02:07:00','admin','2020-03-20 04:03:43','admin'),(156,25,40,4,'2019-08-15 02:07:00','admin','2020-03-20 04:04:01','admin'),(157,27,50,4,'2019-08-15 02:07:00','admin','2020-03-20 04:04:14','admin'),(158,10,40,4,'2019-08-15 02:07:00','admin','2020-03-20 04:04:29','admin'),(159,19,50,4,'2019-08-15 02:07:00','admin','2020-03-20 04:04:43','admin'),(160,3,50,4,'2019-08-15 02:07:00','admin','2020-03-20 04:05:00','admin'),(161,1,50,1,'2020-03-02 14:14:56','1855201003','2020-03-20 04:09:58',''),(162,23,60,1,'2020-03-24 13:42:38','1855201074','2020-03-24 15:07:48',''),(163,6,50,1,'2020-03-24 13:45:04','1855201018','2020-03-24 15:08:04',''),(164,8,30,1,'2020-03-24 13:46:59','1855201032','2020-03-24 15:08:18',''),(165,15,40,1,'2020-03-24 13:47:59','1855201048','2020-03-24 15:08:33',''),(166,25,40,1,'2020-03-24 13:50:00','1855201079','2020-03-24 15:08:46',''),(167,19,40,1,'2020-03-24 13:50:57','1855201053','2020-03-24 15:09:03',''),(168,9,30,1,'2020-03-24 13:52:40','1855201033','2020-03-24 15:09:20',''),(169,7,40,1,'2020-03-24 13:54:15','1855201020','2020-03-24 15:09:33',''),(170,3,50,1,'2020-03-24 13:55:56','1855201008','2020-03-24 15:09:46',''),(171,22,50,1,'2020-03-24 13:58:07','1855201061','2020-03-24 15:09:59',''),(172,5,20,1,'2020-03-24 13:59:51','1855201012','2020-03-24 15:10:13',''),(173,14,60,1,'2020-03-24 14:01:01','1855201045','2020-03-24 15:32:24',''),(174,10,50,1,'2020-03-24 14:02:41','1855201034','2020-03-24 15:10:43',''),(175,28,50,1,'2020-03-24 14:04:37','1855201085','2020-03-24 15:10:55',''),(176,17,60,1,'2020-03-24 14:14:30','1855201050','2020-03-24 15:11:13',''),(177,13,40,1,'2020-03-24 14:17:03','1855201042','2020-03-24 15:11:31',''),(178,20,30,1,'2020-03-24 14:47:13','1855201057','2020-03-24 15:11:44',''),(179,11,40,1,'2020-03-24 14:48:48','1855201035','2020-03-24 15:11:57',''),(180,2,40,1,'2020-03-24 14:50:00','1855201006','2020-03-24 15:12:09',''),(181,18,30,1,'2020-03-24 14:51:09','1855201052','2020-03-24 15:12:23',''),(182,26,50,1,'2020-03-24 14:52:25','1855201081','2020-03-24 15:12:38',''),(183,24,50,1,'2020-03-24 14:53:29','1855201075','2020-03-24 15:12:53',''),(184,16,60,1,'2020-03-24 14:56:15','1855201049','2020-03-24 15:13:07',''),(185,27,40,1,'2020-03-24 14:57:30','1855201083','2020-03-24 15:13:21',''),(186,4,40,1,'2020-03-24 14:58:47','1855201009','2020-03-24 15:13:37',''),(187,12,50,1,'2020-03-24 14:59:48','1855201039','2020-03-24 15:13:53',''),(188,29,50,1,'2020-03-24 15:01:10','1855201091','2020-03-24 15:14:07',''),(189,21,40,1,'2020-03-24 15:02:35','1855201060','2020-03-24 15:14:29',''),(190,30,50,1,'2020-03-24 15:03:32','1855201092','2020-03-24 15:14:43',''),(191,1,40,2,'2020-03-24 15:20:54','1855201003','2020-03-24 16:14:30',''),(192,23,50,2,'2020-03-24 15:48:17','1855201074','2020-03-24 16:14:46',''),(193,8,40,2,'2020-03-24 16:00:05','1855201032','2020-03-24 16:15:01',''),(194,7,50,2,'2020-03-24 16:09:46','1855201020','2020-03-24 16:15:13',''),(195,22,40,2,'2020-03-24 16:10:30','1855201061','2020-03-24 16:15:28',''),(196,20,40,2,'2020-03-24 16:11:37','1855201057','2020-03-24 16:15:44',''),(197,2,20,2,'2020-03-24 16:12:26','1855201006','2020-03-24 16:15:57',''),(198,24,40,2,'2020-03-24 16:13:04','1855201075','2020-03-24 16:16:25','');

/*Table structure for table `tbl_admin_nilai_uas` */

DROP TABLE IF EXISTS `tbl_admin_nilai_uas`;

CREATE TABLE `tbl_admin_nilai_uas` (
  `uas_id` int(10) NOT NULL AUTO_INCREMENT,
  `kelas_users_id` int(3) NOT NULL,
  `nilai_uas` int(3) NOT NULL,
  `nilai_uas_praktek` int(3) NOT NULL,
  `uas_created` datetime NOT NULL DEFAULT CURRENT_TIMESTAMP,
  `uas_creator` varchar(50) NOT NULL,
  `uas_updated` datetime NOT NULL DEFAULT CURRENT_TIMESTAMP ON UPDATE CURRENT_TIMESTAMP,
  `uas_updater` varchar(50) NOT NULL,
  PRIMARY KEY (`uas_id`),
  KEY `FK_kelas_users_id_nilai` (`kelas_users_id`),
  CONSTRAINT `FK_kelas_users_id_uas` FOREIGN KEY (`kelas_users_id`) REFERENCES `tbl_admin_kelas_users` (`kelas_users_id`) ON DELETE CASCADE ON UPDATE CASCADE
) ENGINE=InnoDB AUTO_INCREMENT=41 DEFAULT CHARSET=latin1 ROW_FORMAT=COMPACT;

/*Data for the table `tbl_admin_nilai_uas` */

insert  into `tbl_admin_nilai_uas`(`uas_id`,`kelas_users_id`,`nilai_uas`,`nilai_uas_praktek`,`uas_created`,`uas_creator`,`uas_updated`,`uas_updater`) values (1,8,84,90,'2019-08-15 02:07:00','admin','2020-06-09 23:30:31','admin'),(2,23,78,78,'2019-08-15 02:07:00','admin','2019-08-15 02:08:00','admin'),(3,20,82,82,'2019-08-15 02:07:00','admin','2019-08-15 02:08:00','admin'),(4,1,90,95,'2019-08-16 03:10:00','1004','2020-06-09 23:30:30','admin'),(5,2,70,77,'2019-08-15 02:07:00','admin','2020-06-09 23:36:04','admin'),(7,22,85,85,'2019-08-15 02:07:00','admin','2019-08-15 02:08:00','admin'),(9,24,86,86,'2019-08-15 02:07:00','admin','2019-08-15 02:08:00','admin'),(10,7,69,79,'2019-08-15 02:07:00','admin','2020-06-09 23:36:51','admin'),(11,29,69,89,'2019-08-15 02:07:00','admin','2020-06-09 23:30:31','admin'),(12,26,100,80,'2019-08-15 02:07:00','admin','2020-06-09 23:32:31','admin'),(13,30,89,94,'2019-08-15 02:07:00','admin','2020-06-09 23:31:39','admin'),(14,9,78,90,'2019-08-15 02:07:00','admin','2020-06-09 23:35:25','admin'),(15,21,83,83,'2019-08-15 02:07:00','admin','2019-08-15 02:08:00','admin'),(17,12,85,91,'2019-08-15 02:07:00','admin','2020-06-09 23:34:51','admin'),(21,11,80,80,'2019-08-15 02:07:00','admin','2019-08-15 02:08:00','admin'),(25,4,80,98,'2019-08-15 02:07:00','admin','2020-06-09 23:34:51','admin'),(26,5,83,98,'2019-08-15 02:07:00','admin','2020-06-09 23:31:39','admin'),(27,6,90,95,'2019-08-15 02:07:00','admin','2020-06-09 23:30:31','admin'),(28,14,90,92,'2019-08-15 02:07:00','admin','2020-06-09 23:37:27','admin'),(29,17,84,96,'2019-08-15 02:07:00','admin','2020-06-09 23:31:39','admin'),(30,28,97,75,'2019-08-15 02:07:00','admin','2020-06-09 23:32:31','admin'),(31,16,100,98,'2019-08-15 02:07:00','admin','2020-06-09 23:32:31','admin'),(32,18,82,82,'2019-08-15 02:07:00','admin','2019-08-15 02:09:00','admin'),(33,13,94,72,'2019-08-15 02:07:00','admin','2020-06-09 23:32:31','admin'),(35,15,83,94,'2019-08-15 02:07:00','admin','2020-06-09 23:31:39','admin'),(36,25,87,98,'2019-08-15 02:07:00','admin','2020-06-09 23:35:25','admin'),(37,27,80,92,'2019-08-15 02:07:00','admin','2020-06-09 23:31:39','admin'),(38,10,74,60,'2019-08-15 02:07:00','admin','2020-06-09 23:37:53','admin'),(39,19,78,78,'2019-08-15 02:07:00','admin','2019-08-15 02:09:00','admin'),(40,3,78,78,'2019-08-15 02:07:00','admin','2019-08-18 22:19:00','admin');

/*Table structure for table `tbl_admin_nilai_uts` */

DROP TABLE IF EXISTS `tbl_admin_nilai_uts`;

CREATE TABLE `tbl_admin_nilai_uts` (
  `uts_id` int(10) NOT NULL AUTO_INCREMENT,
  `kelas_users_id` int(3) NOT NULL,
  `nilai_uts` int(3) NOT NULL,
  `uts_created` datetime NOT NULL DEFAULT CURRENT_TIMESTAMP,
  `uts_creator` varchar(50) NOT NULL,
  `uts_updated` datetime NOT NULL DEFAULT CURRENT_TIMESTAMP ON UPDATE CURRENT_TIMESTAMP,
  `uts_updater` varchar(50) NOT NULL,
  PRIMARY KEY (`uts_id`),
  KEY `FK_kelas_users_id_nilai` (`kelas_users_id`),
  CONSTRAINT `FK_kelas_users_id_uts` FOREIGN KEY (`kelas_users_id`) REFERENCES `tbl_admin_kelas_users` (`kelas_users_id`) ON DELETE CASCADE ON UPDATE CASCADE
) ENGINE=InnoDB AUTO_INCREMENT=41 DEFAULT CHARSET=latin1 ROW_FORMAT=COMPACT;

/*Data for the table `tbl_admin_nilai_uts` */

insert  into `tbl_admin_nilai_uts`(`uts_id`,`kelas_users_id`,`nilai_uts`,`uts_created`,`uts_creator`,`uts_updated`,`uts_updater`) values (1,8,70,'2019-08-15 02:07:00','admin','2020-06-09 23:34:12','admin'),(2,23,78,'2019-08-15 02:07:00','admin','2019-08-15 02:08:00','admin'),(3,20,82,'2019-08-15 02:07:00','admin','2019-08-15 02:08:00','admin'),(4,1,80,'2019-08-16 03:10:00','1004','2019-08-18 10:47:27','admin'),(5,2,60,'2019-08-15 02:07:00','admin','2019-08-15 02:08:00','admin'),(7,22,85,'2019-08-15 02:07:00','admin','2019-08-15 02:08:00','admin'),(9,24,86,'2019-08-15 02:07:00','admin','2019-08-15 02:08:00','admin'),(10,7,78,'2019-08-15 02:07:00','admin','2020-06-09 23:34:13','admin'),(11,29,90,'2019-08-15 02:07:00','admin','2020-06-09 23:33:32','admin'),(12,26,72,'2019-08-15 02:07:00','admin','2020-06-09 23:34:13','admin'),(13,30,84,'2019-08-15 02:07:00','admin','2020-06-09 23:33:32','admin'),(14,9,72,'2019-08-15 02:07:00','admin','2019-08-15 02:08:00','admin'),(15,21,93,'2019-08-15 02:07:00','admin','2020-06-09 23:33:32','admin'),(17,12,88,'2019-08-15 02:07:00','admin','2020-06-09 23:33:32','admin'),(21,11,80,'2019-08-15 02:07:00','admin','2019-08-15 02:08:00','admin'),(25,4,87,'2019-08-15 02:07:00','admin','2020-06-09 23:33:32','admin'),(26,5,83,'2019-08-15 02:07:00','admin','2019-08-15 02:08:00','admin'),(27,6,90,'2019-08-15 02:07:00','admin','2019-08-15 02:09:00','admin'),(28,14,73,'2019-08-15 02:07:00','admin','2019-08-15 02:09:00','admin'),(29,17,84,'2019-08-15 02:07:00','admin','2019-08-15 02:09:00','admin'),(30,28,75,'2019-08-15 02:07:00','admin','2019-08-15 02:09:00','admin'),(31,16,74,'2019-08-15 02:07:00','admin','2020-06-09 23:34:13','admin'),(32,18,82,'2019-08-15 02:07:00','admin','2019-08-15 02:09:00','admin'),(33,13,72,'2019-08-15 02:07:00','admin','2019-08-15 02:09:00','admin'),(35,15,55,'2019-08-15 02:07:00','admin','2019-08-15 02:09:00','admin'),(36,25,68,'2019-08-15 02:07:00','admin','2019-08-15 02:09:00','admin'),(37,27,83,'2019-08-15 02:07:00','admin','2020-06-09 23:33:32','admin'),(38,10,74,'2019-08-15 02:07:00','admin','2019-08-15 02:09:00','admin'),(39,19,78,'2019-08-15 02:07:00','admin','2019-08-15 02:09:00','admin'),(40,3,88,'2019-08-15 02:07:00','admin','2020-06-09 23:34:13','admin');

/*Table structure for table `tbl_admin_tugas` */

DROP TABLE IF EXISTS `tbl_admin_tugas`;

CREATE TABLE `tbl_admin_tugas` (
  `tugas_id` int(10) NOT NULL AUTO_INCREMENT,
  `kelas_id` int(10) NOT NULL,
  `tugas_topik` int(3) NOT NULL,
  `tugas_nama` varchar(200) NOT NULL,
  `tugas_linkvideo` varchar(200) DEFAULT NULL,
  `tugas_file` varchar(200) DEFAULT NULL,
  `tugas_created` datetime NOT NULL DEFAULT CURRENT_TIMESTAMP,
  `tugas_creator` varchar(50) NOT NULL,
  `tugas_updated` datetime NOT NULL,
  `tugas_updater` varchar(50) NOT NULL,
  PRIMARY KEY (`tugas_id`),
  KEY `FK_kelas_id_tugas` (`kelas_id`),
  CONSTRAINT `FK_kelas_id_tugas` FOREIGN KEY (`kelas_id`) REFERENCES `tbl_admin_kelas` (`kelas_id`) ON DELETE CASCADE ON UPDATE CASCADE
) ENGINE=InnoDB AUTO_INCREMENT=7 DEFAULT CHARSET=latin1 ROW_FORMAT=COMPACT;

/*Data for the table `tbl_admin_tugas` */

insert  into `tbl_admin_tugas`(`tugas_id`,`kelas_id`,`tugas_topik`,`tugas_nama`,`tugas_linkvideo`,`tugas_file`,`tugas_created`,`tugas_creator`,`tugas_updated`,`tugas_updater`) values (3,1,1,'TUGAS TOPIK 1','','TUGASTOPIK1.pdf','2019-08-18 18:53:39','admin','0000-00-00 00:00:00',''),(4,1,2,'TUGAS TOPIK 2','','TUGASTOPIK2.pdf','2019-08-18 18:54:02','admin','0000-00-00 00:00:00',''),(5,1,3,'TUGAS TOPIK 3','','TUGASTOPIK3.pdf','2019-08-18 18:54:45','admin','0000-00-00 00:00:00',''),(6,1,4,'TUGAS TOPIK 4','','TUGASTOPIK4.pdf','2019-08-18 18:55:05','admin','0000-00-00 00:00:00','');

/*Table structure for table `tbl_analisa` */

DROP TABLE IF EXISTS `tbl_analisa`;

CREATE TABLE `tbl_analisa` (
  `id` int(11) NOT NULL AUTO_INCREMENT,
  `user_id` int(11) DEFAULT NULL,
  `analisa_isi` text,
  `analisa_tipe` varchar(200) DEFAULT NULL,
  `analisa_probabilitas` float DEFAULT NULL,
  `analisa_tanggal` date DEFAULT NULL,
  `analisa_jam` time DEFAULT NULL,
  PRIMARY KEY (`id`)
) ENGINE=InnoDB AUTO_INCREMENT=41 DEFAULT CHARSET=latin1;

/*Data for the table `tbl_analisa` */

insert  into `tbl_analisa`(`id`,`user_id`,`analisa_isi`,`analisa_tipe`,`analisa_probabilitas`,`analisa_tanggal`,`analisa_jam`) values (1,1,'dosen galak','NEGATIF',0.692898,'2021-03-16','17:51:03'),(4,1,'aku suka belajar struktur data','POSITIF',0.598199,'2021-03-16','17:53:50'),(6,1,'aku bosan','NEGATIF',0.753515,'2021-03-16','18:00:56'),(7,1,'aku malas belajar struktur data','NEGATIF',0.565163,'2021-03-16','18:01:22'),(9,2,'aku suka belajar struktur data','POSITIF',0.697721,'2021-03-16','18:02:41'),(10,2,'aku senang','POSITIF',0.662468,'2021-03-16','18:04:08'),(11,2,'tapi kadang bete dosennya lama','NEGATIF',0.768907,'2021-03-16','18:04:22'),(12,3,'aku senang dengan matakuliah ini','POSITIF',0.70626,'2021-03-16','18:07:16'),(13,3,'tapi aku tidak suka jika dosen terlambat','NEGATIF',0.784143,'2021-03-16','18:07:33'),(18,3,'aku suka','NEGATIF',0.504708,'2021-03-16','18:35:00'),(19,3,'aku suka belajar','POSITIF',0.759043,'2021-03-16','18:35:50'),(21,3,'aku benci','NEGATIF',0.753515,'2021-03-16','18:39:57'),(22,3,'aku senang','POSITIF',0.662468,'2021-03-16','18:40:03'),(23,3,'aku tidak suka','NEGATIF',0.826441,'2021-03-16','18:40:10'),(25,3,'saya suka main','POSITIF',0.512204,'2021-03-16','18:41:01'),(28,3,'aku senang','POSITIF',0.654419,'2021-03-16','18:42:10'),(30,3,'aku tidak malas kalo belajar','NEGATIF',0.504922,'2021-03-16','18:42:54'),(31,0,'saya suka','POSITIF',0.658617,'2021-03-16','18:43:29'),(32,0,'saya tidak mau belajar','POSITIF',0.545971,'2021-03-16','18:43:50'),(33,0,'saya tidak belajar','POSITIF',0.541246,'2021-03-16','18:44:02'),(34,0,'saya tidak mau belajar','NEGATIF',0.923222,'2021-03-16','18:44:37'),(35,3,'saya tidak mau belajar','NEGATIF',0.923222,'2021-03-16','18:44:52'),(36,3,'aku suka','POSITIF',0.648094,'2021-03-16','18:45:57'),(37,3,'aku benci','NEGATIF',0.765144,'2021-03-16','18:46:16'),(38,3,'aku tidak suka','NEGATIF',0.664348,'2021-03-16','18:46:28'),(39,3,'aku suka','POSITIF',0.648094,'2021-03-16','18:46:33'),(40,3,'tapi gini ya bang','POSITIF',0.525805,'2021-03-16','18:48:21');

/*Table structure for table `tbl_group` */

DROP TABLE IF EXISTS `tbl_group`;

CREATE TABLE `tbl_group` (
  `group_id` int(11) NOT NULL AUTO_INCREMENT,
  `kelas_id` int(11) DEFAULT NULL,
  `topik_group` int(11) DEFAULT NULL,
  `jumlah_group` int(11) DEFAULT NULL,
  `group_created` datetime DEFAULT CURRENT_TIMESTAMP,
  `group_creator` varchar(50) DEFAULT NULL,
  `group_updated` datetime DEFAULT CURRENT_TIMESTAMP ON UPDATE CURRENT_TIMESTAMP,
  `group_updater` varchar(50) DEFAULT NULL,
  PRIMARY KEY (`group_id`),
  KEY `FK_kelas_id_group` (`kelas_id`),
  CONSTRAINT `FK_kelas_id_group` FOREIGN KEY (`kelas_id`) REFERENCES `tbl_admin_kelas` (`kelas_id`) ON DELETE CASCADE ON UPDATE CASCADE
) ENGINE=InnoDB AUTO_INCREMENT=2 DEFAULT CHARSET=latin1;

/*Data for the table `tbl_group` */

insert  into `tbl_group`(`group_id`,`kelas_id`,`topik_group`,`jumlah_group`,`group_created`,`group_creator`,`group_updated`,`group_updater`) values (1,1,1,8,'2019-08-18 18:44:36','admin','2020-03-02 13:18:04','admin');

/*Table structure for table `tbl_mahasiswa_nilai` */

DROP TABLE IF EXISTS `tbl_mahasiswa_nilai`;

CREATE TABLE `tbl_mahasiswa_nilai` (
  `m_nilai_id` int(10) NOT NULL AUTO_INCREMENT,
  `user_id` int(3) DEFAULT NULL,
  `m_nilai_ipk` double DEFAULT NULL,
  `m_nilai_algo` double DEFAULT NULL,
  `kelas_id` int(3) DEFAULT '1',
  `m_nilai_created` datetime DEFAULT CURRENT_TIMESTAMP,
  `m_nilai_creator` varchar(50) DEFAULT NULL,
  `m_nilai_updated` datetime DEFAULT CURRENT_TIMESTAMP ON UPDATE CURRENT_TIMESTAMP,
  `m_nilai_updater` varchar(50) DEFAULT NULL,
  PRIMARY KEY (`m_nilai_id`),
  KEY `FK_user_id_nilai` (`user_id`),
  KEY `FK_kelas_id_nilai` (`kelas_id`),
  CONSTRAINT `FK_kelas_id_nilai` FOREIGN KEY (`kelas_id`) REFERENCES `tbl_admin_kelas` (`kelas_id`) ON DELETE CASCADE ON UPDATE CASCADE,
  CONSTRAINT `FK_user_id_nilai` FOREIGN KEY (`user_id`) REFERENCES `tbl_users` (`user_id`) ON DELETE CASCADE ON UPDATE CASCADE
) ENGINE=InnoDB AUTO_INCREMENT=41 DEFAULT CHARSET=latin1;

/*Data for the table `tbl_mahasiswa_nilai` */

insert  into `tbl_mahasiswa_nilai`(`m_nilai_id`,`user_id`,`m_nilai_ipk`,`m_nilai_algo`,`kelas_id`,`m_nilai_created`,`m_nilai_creator`,`m_nilai_updated`,`m_nilai_updater`) values (1,1,2.89,3,1,'2018-12-30 10:38:00','1001','2019-01-03 14:35:55','1004'),(2,2,2.73,3,1,'2018-12-30 10:38:00','1002','2018-12-30 10:38:00','1002'),(3,3,1.75,1,1,'2018-12-30 10:38:00','1003','2018-12-30 10:38:00','1003'),(4,4,3.27,4,1,'2018-12-30 10:38:00','1004','2018-12-30 10:38:00','1004'),(5,5,1.45,1,1,'2018-12-30 10:38:00','1005','2018-12-30 10:38:00','1005'),(6,6,3.18,2,1,'2018-12-30 10:38:00','1006','2018-12-30 10:38:00','1006'),(7,7,3.28,2,1,'2018-12-30 10:38:00','1007','2018-12-30 10:38:00','1007'),(8,8,3.18,2,1,'2018-12-30 10:38:00','1008','2018-12-30 10:38:00','1008'),(9,9,3.58,3,1,'2018-12-30 10:38:00','1009','2018-12-30 10:38:00','1009'),(10,10,3.57,4,1,'2018-12-30 10:38:00','1010','2018-12-30 10:38:00','1010'),(11,11,3.5,4,1,'2018-12-30 10:38:00','1011','2018-12-30 10:38:00','1011'),(12,12,3.23,4,1,'2018-12-30 10:38:00','1012','2018-12-30 10:38:00','1012'),(13,13,2.54,3,1,'2018-12-30 10:38:00','1013','2018-12-30 10:38:00','1013'),(14,14,3.61,3,1,'2018-12-30 10:38:00','1014','2018-12-30 10:38:00','1014'),(15,15,3.45,3,1,'2018-12-30 10:38:00','1015','2018-12-30 10:38:00','1015'),(16,16,1.68,1,1,'2018-12-30 10:38:00','1016','2018-12-30 10:38:00','1016'),(17,17,1.77,2,1,'2018-12-30 10:38:00','1017','2018-12-30 10:38:00','1017'),(18,18,3.11,2,1,'2018-12-30 10:38:00','1018','2018-12-30 10:38:00','1018'),(19,19,3.45,2,1,'2018-12-30 10:38:00','1019','2018-12-30 10:38:00','1019'),(20,20,3.34,3,1,'2018-12-30 10:38:00','1020','2018-12-30 10:38:00','1020'),(21,21,3.55,3,1,'2018-12-30 10:38:00','1021','2018-12-30 10:38:00','1021'),(22,22,3.48,4,1,'2018-12-30 10:38:00','1022','2018-12-30 10:38:00','1022'),(23,23,3.18,4,1,'2018-12-30 10:38:00','1023','2018-12-30 10:38:00','1023'),(24,24,3.32,2,1,'2018-12-30 10:38:00','1024','2018-12-30 10:38:00','1024'),(25,25,3.25,3,1,'2018-12-30 10:38:00','1025','2018-12-30 10:38:00','1025'),(26,26,3.27,3,1,'2018-12-30 10:38:00','1026','2018-12-30 10:38:00','1026'),(27,27,3.2,3,1,'2018-12-30 10:38:00','1027','2018-12-30 10:38:00','1027'),(28,28,2.55,2,1,'2018-12-30 10:38:00','1028','2018-12-30 10:38:00','1028'),(29,29,3.58,3,1,'2018-12-30 10:38:00','1029','2018-12-30 10:38:00','1029'),(30,30,3.5,4,1,'2018-12-30 10:38:00','1030','2018-12-30 10:38:00','1030');

/*Table structure for table `tbl_naive_beyes` */

DROP TABLE IF EXISTS `tbl_naive_beyes`;

CREATE TABLE `tbl_naive_beyes` (
  `id` int(11) NOT NULL AUTO_INCREMENT,
  `tipe` varchar(200) DEFAULT NULL,
  `isi` text,
  PRIMARY KEY (`id`)
) ENGINE=InnoDB AUTO_INCREMENT=36 DEFAULT CHARSET=latin1;

/*Data for the table `tbl_naive_beyes` */

insert  into `tbl_naive_beyes`(`id`,`tipe`,`isi`) values (1,'POSITIF','aku senang belajar struktur data'),(2,'POSITIF','aku suka belajar struktur data'),(3,'POSITIF','struktur data itu sangat mudah'),(4,'POSITIF','dosen baik hati'),(5,'NEGATIF','aku benci struktur data'),(6,'NEGATIF','aku malas struktur data'),(7,'NEGATIF','aku bosan dan tidak suka struktur data'),(8,'NEGATIF','struktur data sangat sulit'),(13,'NEGATIF','dosen galak'),(14,'POSITIF','aku suka'),(15,'POSITIF','saya suka'),(16,'POSITIF','saya nyaman'),(17,'POSITIF','aku nyaman'),(18,'NEGATIF','saya benci'),(19,'NEGATIF','saya tidak'),(20,'NEGATIF','aku tidak'),(21,'POSITIF','dosen baik'),(22,'NEGATIF','banyak tugas'),(23,'NEGATIF','dosen tidak hadir'),(24,'POSITIF','mudah'),(25,'POSITIF','semangat'),(27,'NEGATIF','lama'),(28,'POSITIF','cepat'),(29,'NEGATIF','malas'),(30,'NEGATIF','bete'),(31,'NEGATIF','bosan'),(32,'POSITIF','aku tidak malas'),(33,'NEGATIF','saya tidak belajar'),(34,'NEGATIF','saya tidak mau'),(35,'NEGATIF','aku tidak mau');

/*Table structure for table `tbl_pesan` */

DROP TABLE IF EXISTS `tbl_pesan`;

CREATE TABLE `tbl_pesan` (
  `pesan_id` int(11) NOT NULL AUTO_INCREMENT,
  `user_id` int(11) DEFAULT NULL,
  `pesan_isi` text,
  `pesan_tanggal` date DEFAULT NULL,
  `pesan_jam` time DEFAULT NULL,
  `pesan_tipe` varchar(100) DEFAULT NULL,
  PRIMARY KEY (`pesan_id`)
) ENGINE=InnoDB DEFAULT CHARSET=latin1;

/*Data for the table `tbl_pesan` */

/*Table structure for table `tbl_pretest` */

DROP TABLE IF EXISTS `tbl_pretest`;

CREATE TABLE `tbl_pretest` (
  `pretest_id` int(3) NOT NULL AUTO_INCREMENT,
  `kelas_id` int(3) NOT NULL,
  `pretest_topik` int(3) NOT NULL,
  `pretest_nama` varchar(50) DEFAULT NULL,
  `pretest_waktu` int(11) DEFAULT NULL,
  `pretest_created` datetime DEFAULT CURRENT_TIMESTAMP,
  `pretest_creator` varchar(50) DEFAULT NULL,
  `pretest_updated` datetime DEFAULT CURRENT_TIMESTAMP ON UPDATE CURRENT_TIMESTAMP,
  `pretest_updater` varchar(50) DEFAULT NULL,
  PRIMARY KEY (`pretest_id`),
  KEY `FK_kelas_id_pretest` (`kelas_id`),
  CONSTRAINT `FK_kelas_id_pretest` FOREIGN KEY (`kelas_id`) REFERENCES `tbl_admin_kelas` (`kelas_id`) ON DELETE CASCADE ON UPDATE CASCADE
) ENGINE=InnoDB AUTO_INCREMENT=16 DEFAULT CHARSET=latin1;

/*Data for the table `tbl_pretest` */

insert  into `tbl_pretest`(`pretest_id`,`kelas_id`,`pretest_topik`,`pretest_nama`,`pretest_waktu`,`pretest_created`,`pretest_creator`,`pretest_updated`,`pretest_updater`) values (9,1,1,'Pretest 1',20,'2019-08-18 18:57:34',NULL,'2019-08-18 19:59:24',NULL),(10,1,2,'Pretest 2',20,'2019-08-18 19:59:13',NULL,'2019-08-18 19:59:13',NULL),(11,1,3,'Pretest 3',20,'2019-08-20 19:38:44',NULL,'2019-08-20 19:38:44',NULL),(12,1,4,'Pretest 4',20,'2019-08-20 20:03:50',NULL,'2019-08-20 20:46:54',NULL),(13,1,0,'Ujian Tengah Semester',80,'2019-08-20 20:24:46',NULL,'2019-08-20 20:49:41',NULL);

/*Table structure for table `tbl_soal` */

DROP TABLE IF EXISTS `tbl_soal`;

CREATE TABLE `tbl_soal` (
  `id_soal` int(5) NOT NULL AUTO_INCREMENT,
  `pretest_id` int(3) NOT NULL,
  `soal` text NOT NULL,
  `a` varchar(30) NOT NULL,
  `b` varchar(30) NOT NULL,
  `c` varchar(30) NOT NULL,
  `d` varchar(30) NOT NULL,
  `e` varchar(30) NOT NULL,
  `soal_jawaban` varchar(30) NOT NULL,
  `soal_gambar` varchar(100) NOT NULL,
  `soal_created` datetime NOT NULL DEFAULT CURRENT_TIMESTAMP,
  `soal_creator` varchar(50) NOT NULL,
  `soal_updated` datetime NOT NULL DEFAULT CURRENT_TIMESTAMP ON UPDATE CURRENT_TIMESTAMP,
  `soal_updater` varchar(50) NOT NULL,
  PRIMARY KEY (`id_soal`),
  KEY `FK_pretest_id_soal` (`pretest_id`),
  CONSTRAINT `FK_pretest_id_soal` FOREIGN KEY (`pretest_id`) REFERENCES `tbl_pretest` (`pretest_id`) ON DELETE CASCADE ON UPDATE CASCADE
) ENGINE=InnoDB AUTO_INCREMENT=97 DEFAULT CHARSET=latin1;

/*Data for the table `tbl_soal` */

insert  into `tbl_soal`(`id_soal`,`pretest_id`,`soal`,`a`,`b`,`c`,`d`,`e`,`soal_jawaban`,`soal_gambar`,`soal_created`,`soal_creator`,`soal_updated`,`soal_updater`) values (26,9,'Penulisan algoritma yang menggunakan sintaks (cara penulisan) menyerupai bahasa pemograman disebut?','Coding','Pseudocode','Flowchart','Data flow','Terminator','Pseudocode','','2019-08-18 19:04:59','','2019-08-18 19:04:59',''),(27,9,'Variable logika yang berhubungan dengan OR,AND, dan NOT merupakan variable dari tipe data?','String','Numerik','Boolean','Array','Int','Boolean','','2019-08-18 19:15:28','','2019-08-18 19:15:28',''),(28,9,'Tipe data yang memungkinkan sebuah variable mengandung banyak nilai dalam suatu waktu adalah?','Boolean','Int','Array','String','Logika','Array','','2019-08-18 19:18:22','','2019-08-18 19:18:22',''),(29,9,'Pada tipe data boolean berlaku operator-operator, pilih salah satu dari beberapa operator yang BUKAN berupa perulangan?','For','Do... While','While','Return','Else','Else','','2019-08-18 19:40:32','','2019-08-18 19:40:32',''),(30,9,'Berikut ini variabel yang pasti memiki tipe data integer yaitu ','PanjangBalok','LuasPersegi','TotalGaji','JumlahAnak','NilaiTertinggi','JumlahAnak','','2019-08-18 19:43:07','','2019-08-18 19:43:07',''),(31,9,'Berikut ini pernyataan yang benar mengenai pseudocode kecuali...','Menggunakan bahasa mirip bahas','Bahasanya harus baku, tidak bo','Memudahkan implementasi ke bah','Menggunakan kata-kata kunci se','Dapat diubah ke bahasa natural','Bahasanya harus baku, tidak bo','','2019-08-18 19:45:12','','2019-08-18 19:45:12',''),(32,9,'Jika <kondisi> bernilai benar maka pernyataan dikerjakan, sedangkan jika tidak, maka pernyataan tidak dikerjakan dan proses langsung keluar dari percabangan adalah penjelasan dari percabangan ....','1 kondisi','2 kondisi','Lebih dari 2 kondisi','Percabangan bersarang','Perulangan','1 kondisi','','2019-08-18 19:49:04','','2019-08-18 19:49:04',''),(33,9,'Jika <kondisi1> dicek nilai kebenarannya. Jika benar, maka dikerjakan pernyataan1. Jika salah, maka dicek nilai kebenaran <kondisi2>. Jika <kondisi2> benar, maka dikerjakan pernyataan2. Jika tidak algoritma akan mengecek ke kondisi berikutnya dengan cara yang sama dengan yang sebelumnya. Terakhir, jika semua kondisi bernilai salah, maka pernyataan yang dikerjakan adalah Pernyataan(n+1). Hal tersebut adalah penjelasan dari percabangan...','1 kondisi','2 kondisi','Lebih dari 2 kondisi','Percabangan bersarang','Perulangan','Lebih dari 2 kondisi','','2019-08-18 19:50:28','','2019-08-18 19:50:28',''),(34,9,'Berikut ini pernyataan yang benar mengenai algoritma perulangan dengan pencacah turun,kecuali ....','Dapat dikonversikan dalam bent','Dapat menggunakan variabel ber','Banyaknya iterasi sudah ditent','Tidak dapat diubah dalam bentu','Dapat digunakan sebagai algori','Dapat menggunakan variabel ber','','2019-08-18 19:56:06','','2019-08-18 19:56:06',''),(35,9,'Terdapat algoritma berikut.\r\n1)	READ nama\r\n2)	READ OmsetJual\r\n3)	READ GajiPokok\r\n4)	Bonus =0\r\n5)	IF (OmsetJual)>100 THEN\r\n6)	Bonus = 1% x OmsetJual\r\n7)	TotalGaji=GajiPokok + Bonus\r\n8)	WRITE TotalGaji\r\n','Nilai awal bonus adalah 0','Bonus adalah 1% dari omset jua','Bonus diberikan jika omset jua','Bonus diberikan jika omset jua','Total gaji adalah gaji pokok d','Bonus diberikan jika omset jua','','2019-08-18 19:57:45','','2019-08-18 19:57:45',''),(36,10,'Tipe data terstruktur yang terdiri dari sejumlah komponen ,komponen yang mempunyai tipe sama,disebut tipe data...','Array','Byte','Longint','Integer','Boolean ','Array','','2019-08-18 20:02:17','','2019-08-18 20:02:17',''),(37,10,'Array terdiri dari berbagai tipe kecuali ','Array Multi-Dimensi','Array Dimensi Satu','Array Dimensi Tiga','Array Dimensi Dua','Semua jawaban benar ','Array Multi-Dimensi','','2019-08-18 20:04:04','','2019-08-18 20:04:04',''),(38,10,'Array yang terdiri dari m buah baris (row) dan n buah kolom (column) adalah .','Array satu dimensi','Variabel','Integer','Array dua dimensi','Array multidimensi ','Array satu dimensi','','2019-08-18 20:11:02','','2019-08-18 20:11:02',''),(39,10,'Di bawah ini yang bukan termasuk teknik pengurutan data adalah.','Bubble sort.','Tree sort.','Selection sort.','Merge sort.','Head sort.','Merge sort.','','2019-08-18 20:12:28','','2019-08-18 20:12:28',''),(40,10,'Tentukan bilangan dengan index terkecil, lalu tukar dengan bilangan pertama, merupakan prosedur dari teknik sorting .','Bubble','Quick','Selection','Insertion','Merge ','Selection','','2019-08-18 20:13:54','','2019-08-18 20:13:54',''),(41,10,'Ada 2 macam jenis sorting, yaitu :','String & Ascending','Boolean & String','Boolean & Descending ','Ascending & Descending ','String & Descending','Ascending & Descending ','','2019-08-18 20:15:09','','2019-08-18 20:15:09',''),(42,10,'Berikut ini beberapa tujuan dari sorting, kecuali :','Memudahkan pencarian','Mudah pengecekan','Memanipulasi pencarian','Mudah perbaiki kesalahan','Memanipulasi pengecekan','Memanipulasi pencarian','','2019-08-18 20:16:28','','2019-08-18 20:16:28',''),(43,10,'Berikut ini contoh yang benar dari sorting ascending adalah :','1, 2, 3, 4, 5','2, 4, 6, 8, 10','10, 9, 8, 7, 6','10, 8, 6, 4, 2','10, 8, 3, 4, 5','1, 2, 3, 4, 5','','2019-08-18 20:17:41','','2019-08-18 20:17:41',''),(44,10,'Berikut ini contoh yang benar dari sorting descending adalah :','1, 2, 3, 4, 5','2, 4, 6, 8, 10','10, 9, 8, 7, 6','10, 8, 6, 4, 2','1, 2, 3, 6, 4, 2','2, 4, 6, 8, 10','','2019-08-18 20:18:57','','2019-08-18 20:18:57',''),(45,10,'Teknik sorting insertion sort memulai proses perbandingan dari elemen data ke ','satu, ','dua,','tiga, ','sembarang tempat;','empat,','sembarang tempat;','','2019-08-18 20:20:13','','2019-08-18 20:20:13',''),(46,11,'Diketahui suatu deklarasi variabel int x,y,*z; variabel yang merupakan penunjuk ke pointer adalah ','x','yc. Z','x dan y','y','','yc. Z','','2019-08-20 19:42:04','','2019-08-20 19:42:04',''),(47,11,'Perintah yang tepat untuk mempersiapkan sebuah node baru berserta alokasi memorinya, adalah ','Create','Input','New','Insert','','New','','2019-08-20 19:43:32','','2019-08-20 19:43:32',''),(48,11,'Jika pada stack terdapat kondisi TOP of STACK = MAX_STACK  1 maka stack berada dalam keadaan ','ISEMPTY','CLEAR','TOP','FULL','','FULL','','2019-08-20 19:44:50','','2019-08-20 19:44:50',''),(49,11,'Gambar diatas menunjukkan bentuk penghapusan node pada ','Belakang','Depan','Tengah','Depan dan Belakang','','Depan','','2019-08-20 19:46:11','','2019-08-20 19:46:11',''),(50,11,'Operasi Stack yang digunakan untuk memeriksa apakah stack sudah penuh, ','PUSH','POP','CLEAR','ISFULL','','ISFULL','','2019-08-20 19:47:22','','2019-08-20 19:47:22',''),(51,11,'Suatu perubah yang akan dialokasikan hanya pada saat diperlukan, yaitu setelah program dieksekusi arti dari ','Perubah Dinamis (Dinamic varia','Perubah Statis','Perubah logika','Perubah detail','','Perubah Dinamis (Dinamic varia','','2019-08-20 19:48:29','','2019-08-20 19:48:29',''),(52,11,'Digunakan sebagai penunjuk ke suatu alamat memori adalah ','Pointer','Linked List','Stack','Queue','','Pointer','','2019-08-20 19:49:39','','2019-08-20 19:49:39',''),(53,11,'Salah satu Struktur Data Dinamis yang paling sederhana ','Pointer','Linked List (Senari Berantai)','Stack','Queue','','Linked List (Senari Berantai)','','2019-08-20 19:51:13','','2019-08-20 19:51:13',''),(54,11,'Linked List disebut juga dengan senari satu arah atau ','One-way list','Two list','One on one','Three in one','','One-way list','','2019-08-20 20:00:07','','2019-08-20 20:00:07',''),(55,11,'Pada saat awal, Top of Stack selalu bernilai ','Top = 0','Top = 1','Top = -1','Top = Max_Stack','','Top = -1','','2019-08-20 20:01:24','','2019-08-20 20:01:24',''),(56,12,'Pencarian data dengan metode Binary search akan berhenti bila data yang dicari sudah ditemukan, yaitu pada kondisi','Cari < data[m] ','Cari = data[m] ','Cari <> data[m]','Cari > data[m] ','','Cari = data[m] ','','2019-08-20 20:05:36','','2019-08-20 20:05:36',''),(57,12,'Suatu teknik pencarian data dalam array dimensi 1 yang akan menelusuri semua elemen array dari awal sampai akhir, dimana data-data tidak perlu diurutkan terlebih dahulu (acak) adalah metode ','Linier Searching','Sequential Searching ','Binary searching ','A, B dan C benar ','','A, B dan C benar ','','2019-08-20 20:06:49','','2019-08-20 20:06:49',''),(58,12,'Bila diketahui urutan data sebagai berikut : 5 10 15 20 25 Pencarian data 10 dengan metode Binary dapat diselesaikan pada langkah ke','1','2','3','4','','2','','2019-08-20 20:07:28','','2019-08-20 20:07:28',''),(59,12,'Graph yang memiliki ruas sejajar dan gelung disebut ','Gelung/self loop ','Graph sederhana ','Multigraph ','Euler graph ','','Multigraph ','','2019-08-20 20:08:44','','2019-08-20 20:08:44',''),(60,12,'Perjalanan (Walk) dalam suatu graph akan disebut tertutup bila ','V1 = Vn ','V1 = V(n-1) ','Vn = V(n-1) ','V1 = 0 ','','V1 = Vn ','','2019-08-20 20:10:18','','2019-08-20 20:10:18',''),(61,12,'Bila diketahui banyaknya ruas pada suatu graph = 7, maka jumlah derajat Graph-nya adalah ','14','49','6','21','','14','','2019-08-20 20:10:57','','2019-08-20 20:10:57',''),(62,12,'Bila diketahui jumlah derajat semua simpul pada suatu graph adalah 20, maka banyaknya ruas pada graph tersebut adalah ','19','21','40','10','','10','','2019-08-20 20:11:45','','2019-08-20 20:11:45',''),(63,12,'Dari gambar diatas, yang termasuk TRAIL adalah ','a,b,c,h,g,d,a','a,b,h,k,f,g,b ','a,e,f,k,h,c,d ','a,d,g,k,f,d,b ','','a,e,f,k,h,c,d ','','2019-08-20 20:19:30','','2019-08-20 20:19:30',''),(64,12,'Matriks penyajian graph yang menghubungkan vertex dengan vertex, tanpa ruas sejajar, disebut matriks','Incidence ','Undirected Graph ','Adjacency ','Semua jawaban salah ','','Adjacency ','','2019-08-20 20:21:11','','2019-08-20 20:21:11',''),(65,12,'Maksimum jumlah busur dari n simpul dalam Directed Graph ','n ( n - 1) / 2 ','(n  1) / 2 ','n ( n - 1) ','(n  1) + 2 ','','n ( n - 1) ','','2019-08-20 20:22:44','','2019-08-20 20:22:44',''),(67,13,'Pada tipe data boolean berlaku operator-operator, pilih salah satu dari beberapa operator yang BUKAN berupa perulangan?','For','Do... While','While','Return','Else','Else','','2019-08-20 21:40:52','','2019-08-20 21:40:52',''),(68,13,'Berikut ini pernyataan yang benar mengenai pseudocode kecuali...','Menggunakan bahasa mirip bahas','Bahasanya harus baku, tidak bo','Memudahkan implementasi ke bah','Menggunakan kata-kata kunci se','Dapat diubah ke bahasa natural','Bahasanya harus baku, tidak bo','','2019-08-20 21:42:20','','2019-08-20 21:42:20',''),(69,13,'Penulisan algoritma yang menggunakan sintaks (cara penulisan) menyerupai bahasa pemograman disebut?','Coding','Pseudocode','Flowchart','Data flow','Terminator','Pseudocode','','2019-08-20 21:43:34','','2019-08-20 21:43:34',''),(70,13,'Jika <kondisi> bernilai benar maka pernyataan dikerjakan, sedangkan jika tidak, maka pernyataan tidak dikerjakan dan proses langsung keluar dari percabangan adalah penjelasan dari percabangan ','1 kondisi','2 kondisi','Lebih dari 2 kondisi','Percabangan bersarang','Lebih dari 2 kondisi bersarang','1 kondisi','','2019-08-20 21:47:36','','2019-08-20 21:47:36',''),(71,13,'Variable logika yang berhubungan dengan OR,AND, dan NOT merupakan variable dari tipe data?','String','Numerik','Boolean','Array','Int','Numerik','','2019-08-20 21:49:33','','2019-08-20 21:49:33',''),(72,13,'Tipe data yang memungkinkan sebuah variable mengandung banyak nilai dalam suatu waktu adalah?','Boolean','Int','Array','String','Logika','Array','','2019-08-20 21:50:56','','2019-08-20 21:50:56',''),(73,13,'Berikut ini variabel yang pasti memiki tipe data integer yaitu ','PanjangBalok','LuasPersegi','TotalGaji','JumlahAnak','NilaiTertinggi','JumlahAnak','','2019-08-20 21:52:14','','2019-08-20 21:52:14',''),(74,13,'Jika <kondisi1> dicek nilai kebenarannya. Jika benar, maka dikerjakan pernyataan1. Jika salah, maka dicek nilai kebenaran <kondisi2>. Jika <kondisi2> benar, maka dikerjakan pernyataan2. Jika tidak algoritma akan mengecek ke kondisi berikutnya dengan cara yang sama dengan yang sebelumnya. Terakhir, jika semua kondisi bernilai salah, maka pernyataan yang dikerjakan adalah Pernyataan(n+1). Hal tersebut adalah penjelasan dari percabangan...','1 kondisi','2 kondisi','Lebih dari 2 kondisi','Percabangan bersarang','Perulangan','Lebih dari 2 kondisi','','2019-08-20 21:53:43','','2019-08-20 21:53:43',''),(75,13,'Tipe data terstruktur yang terdiri dari sejumlah komponen ,komponen yang mempunyai tipe sama,disebut tipe data','Array','Byte','Longint','Integer','Boolean ','Array','','2019-08-20 21:55:13','','2019-08-20 21:55:13',''),(76,13,'Array terdiri dari berbagai tipe kecuali ','Array Multi-Dimensi','Array Dimensi Satu','Array Dimensi Tiga','Array Dimensi Dua','Semua jawaban benar ','Array Multi-Dimensi','','2019-08-20 21:56:38','','2019-08-20 21:56:38',''),(77,13,'Array yang terdiri dari m buah baris (row) dan n buah kolom (column) adalah ','Array satu dimensi','Variabel','Integer','Array dua dimensi','Array multidimensi ','Array satu dimensi','','2019-08-20 21:58:02','','2019-08-20 21:58:02',''),(78,13,'Di bawah ini yang bukan termasuk teknik pengurutan data adalah','Bubble sort.','Tree sort.','Selection sort.','Merge sort.','Head sort.','Merge sort.','','2019-08-20 21:59:25','','2019-08-20 21:59:25',''),(79,13,'Tentukan bilangan dengan index terkecil, lalu tukar dengan bilangan pertama, merupakan prosedur dari teknik sorting ','Bubble','Quick','Selection','Insertion','Merge ','Selection','','2019-08-20 22:00:34','','2019-08-20 22:00:34',''),(80,13,'Terdapat algoritma berikut.\r\n1)	READ nama\r\n2)	READ OmsetJual\r\n3)	READ GajiPokok\r\n4)	Bonus =0\r\n5)	IF (OmsetJual)>100 THEN\r\n6)	Bonus = 1% x OmsetJual\r\n7)	TotalGaji=GajiPokok + Bonus\r\n8)	WRITE TotalGaji\r\nPenjelasan yang tidak sesuai dengan algoitma di atas adalah.....\r\n','Nilai awal bonus adalah 0','Bonus adalah 1% dari omset jua','Bonus diberikan jika omset jua','Bonus diberikan jika omset jua','Total gaji adalah gaji pokok d','Bonus adalah 1% dari omset jua','','2019-08-20 22:03:21','','2019-08-20 22:03:21',''),(81,13,'Ada 2 macam jenis sorting, yaitu :','String & Ascending','Boolean & String','Boolean & Descending ','Ascending & Descending ','String & Descending','Ascending & Descending ','','2019-08-20 22:06:59','','2019-08-20 22:06:59',''),(82,13,'Berikut ini beberapa tujuan dari sorting, kecuali :','Memudahkan pencarian','Mudah pengecekan','Memanipulasi pencarian','Mudah perbaiki kesalahan','Memanipulasi pengecekan','Memanipulasi pencarian','','2019-08-20 22:08:10','','2019-08-20 22:08:10',''),(83,13,'Berikut ini contoh yang benar dari sorting ascending adalah ','1, 2, 3, 4, 5','2, 4, 6, 8, 10','10, 9, 8, 7, 6','10, 8, 6, 4, 2','10, 8, 3, 4, 5','1, 2, 3, 4, 5','','2019-08-20 22:10:02','','2019-08-20 22:10:02',''),(84,13,'Berikut ini contoh yang benar dari sorting descending adalah ','1, 2, 3, 4, 5','2, 4, 6, 8, 10','10, 9, 8, 7, 6','10, 8, 6, 4, 2','1, 2, 3, 6, 4, 2','2, 4, 6, 8, 10','','2019-08-20 22:11:38','','2019-08-20 22:11:38',''),(85,13,'Teknik sorting insertion sort memulai proses perbandingan dari elemen data ke ','satu, ','dua,','tiga, ','sembarang tempat;','empat,','sembarang tempat;','','2019-08-20 22:12:47','','2019-08-20 22:12:47',''),(86,13,'Berikut ini pernyataan yang benar mengenai algoritma perulangan dengan pencacah turun,kecuali ....','Dapat dikonversikan dalam bent','Dapat menggunakan variabel ber','Banyaknya iterasi sudah ditent','Tidak dapat diubah dalam bentu','Dapat digunakan sebagai algori','Dapat menggunakan variabel ber','','2019-08-20 22:14:45','','2019-08-20 22:14:45','');

/*Table structure for table `tbl_tanya_jawab` */

DROP TABLE IF EXISTS `tbl_tanya_jawab`;

CREATE TABLE `tbl_tanya_jawab` (
  `id` int(11) NOT NULL AUTO_INCREMENT,
  `tanya` text,
  `jawab` text,
  PRIMARY KEY (`id`)
) ENGINE=InnoDB AUTO_INCREMENT=7 DEFAULT CHARSET=latin1;

/*Data for the table `tbl_tanya_jawab` */

insert  into `tbl_tanya_jawab`(`id`,`tanya`,`jawab`) values (1,'Hallo','Hallo juga'),(5,'apakabar ?','Alhamdulillah');

/*Table structure for table `tbl_users` */

DROP TABLE IF EXISTS `tbl_users`;

CREATE TABLE `tbl_users` (
  `user_id` int(10) NOT NULL AUTO_INCREMENT,
  `user_nim` varchar(50) DEFAULT NULL,
  `user_fullname` varchar(200) DEFAULT NULL,
  `user_password` varchar(200) DEFAULT NULL,
  `user_email` varchar(200) DEFAULT NULL,
  `user_semester` int(10) DEFAULT NULL,
  `user_level` enum('admin','mahasiswa') DEFAULT 'mahasiswa',
  `user_aktif` int(10) DEFAULT '0',
  `user_image` varchar(50) DEFAULT 'user.png',
  `user_created` datetime DEFAULT CURRENT_TIMESTAMP,
  `user_creator` varchar(50) DEFAULT NULL,
  `user_updated` datetime DEFAULT CURRENT_TIMESTAMP ON UPDATE CURRENT_TIMESTAMP,
  `user_updater` varchar(50) DEFAULT NULL,
  PRIMARY KEY (`user_id`),
  UNIQUE KEY `user_nim` (`user_nim`)
) ENGINE=InnoDB AUTO_INCREMENT=42 DEFAULT CHARSET=latin1;

/*Data for the table `tbl_users` */

insert  into `tbl_users`(`user_id`,`user_nim`,`user_fullname`,`user_password`,`user_email`,`user_semester`,`user_level`,`user_aktif`,`user_image`,`user_created`,`user_creator`,`user_updated`,`user_updater`) values (0,'admin','Yogi Yunefri','21232f297a57a5a743894a0e4a801fc3','yogiyunefri@unilak.ac.id',1,'admin',1,'user.png','2018-12-27 10:08:19','jabbar','2021-03-09 15:38:06','admin'),(1,'1855201003','ADITYA WIRAGUNA FERIZA','21232f297a57a5a743894a0e4a801fc3','1855201003@unilak.ac.id',3,'mahasiswa',1,'avatar.png','2018-12-27 10:08:00','123456','2021-03-09 15:39:36','admin'),(2,'1855201006','NOVALDY FIQRI','21232f297a57a5a743894a0e4a801fc3','1855201006@unilak.ac.id',3,'mahasiswa',1,'user.png','2018-12-27 10:08:00','123456','2021-03-16 18:02:04','admin'),(3,'1855201008','ARIEF DARMAWAN','21232f297a57a5a743894a0e4a801fc3','1855201008@unilak.ac.id',3,'mahasiswa',1,'user.png','2018-12-27 10:08:00','123456','2021-03-16 18:03:52','admin'),(4,'1855201009','SYA\'BANU AHMAD','31b3b31a1c2f8a370206f111127c0dbd','1855201009@unilak.ac.id',3,'mahasiswa',1,'user.png','2018-12-27 10:08:00','123456','2020-02-25 11:33:30','admin'),(5,'1855201012','EWA HARIS SEMBIRING','f33ba15effa5c10e873bf3842afb46a6','1855201012@unilak.ac.id',3,'mahasiswa',1,'user.png','2018-12-27 10:08:00','123456','2020-02-25 11:33:23','admin'),(6,'1855201018','AIDIL FEBRYANTO','ef50c335cca9f340bde656363ebd02fd','1855201018@unilak.ac.id',3,'mahasiswa',1,'user.png','2018-12-27 10:08:00','123456','2020-02-25 11:34:41','admin'),(7,'1855201020','ANITA','65cc2c8205a05d7379fa3a6386f710e1','1855201020@unilak.ac.id',3,'mahasiswa',1,'user.png','2018-12-27 10:08:00','123456','2020-02-25 12:29:46','admin'),(8,'1855201032','ALDY AMRI DARMAWAN','995e1fda4a2b5f55ef0df50868bf2a8f','1855201032@unilak.ac.id',3,'mahasiswa',1,'user.png','2018-12-27 10:08:00','123456','2020-02-25 12:31:45','admin'),(9,'1855201033','ANDRIAN SYAHWARAH','e17184bcb70dcf3942c54e0b537ffc6d','1855201033@unilak.ac.id',3,'mahasiswa',1,'user.png','2018-12-27 10:08:00','123456','2020-02-25 12:32:51','admin'),(10,'1855201034','HILMAYANI','bdb106a0560c4e46ccc488ef010af787','1855201034@unilak.ac.id',3,'mahasiswa',1,'user.png','2018-12-27 10:08:00','123456','2020-02-25 12:35:08','admin'),(11,'1855201035','NOFA PULIANNA NASUTION','a34bacf839b923770b2c360eefa26748','1855201035@unilak.ac.id',3,'mahasiswa',1,'user.png','2018-12-27 10:08:00','123456','2020-02-25 12:35:54','admin'),(12,'1855201039','TISA SEFTIANANDA','27ed0fb950b856b06e1273989422e7d3','1855201039@unilak.ac.id',3,'mahasiswa',1,'user.png','2018-12-27 10:08:00','123456','2020-02-25 12:36:46','admin'),(13,'1855201042','MERI TRIA ANGGRAINI','9ac403da7947a183884c18a67d3aa8de','1855201042@unilak.ac.id',3,'mahasiswa',1,'user.png','2018-12-27 10:08:00','123456','2020-02-25 12:37:38','admin'),(14,'1855201045','GYNA RAHMI FAJRI','a0e2a2c563d57df27213ede1ac4ac780','1855201045@unilak.ac.id',3,'mahasiswa',1,'user.png','2018-12-27 10:08:00','123456','2020-02-25 12:38:53','admin'),(15,'1855201048','ALI ANDO PUTRA SARAGIH','7cce53cf90577442771720a370c3c723','1855201048@unilak.ac.id',3,'mahasiswa',1,'user.png','2018-12-27 10:08:00','123456','2020-02-25 12:39:38','admin'),(16,'1855201049','REFNALDI KURNIAWAN SAPUTRA','58c54802a9fb9526cd0923353a34a7ae','1855201049@unilak.ac.id',3,'mahasiswa',1,'user.png','2018-12-27 10:08:00','123456','2020-02-25 12:40:25','admin'),(17,'1855201050','MAYA RAMADHANI','5055cbf43fac3f7e2336b27310f0b9ef','1855201050@unilak.ac.id',3,'mahasiswa',1,'user.png','2018-12-27 10:08:00','123456','2020-02-25 12:41:14','admin'),(18,'1855201052','NOVENDRA','f4dd765c12f2ef67f98f3558c282a9cd','1855201052@unilak.ac.id',3,'mahasiswa',1,'user.png','2018-12-27 10:08:00','123456','2020-02-25 12:42:00','admin'),(19,'1855201053','AL-QODRI ALIFANDI','7fec306d1e665bc9c748b5d2b99a6e97','1855201053@unilak.ac.id',3,'mahasiswa',1,'user.png','2018-12-27 10:08:00','123456','2020-02-25 12:42:51','admin'),(20,'1855201057','MIFTAHUL JANNAH','d8700cbd38cc9f30cecb34f0c195b137','1855201057@unilak.ac.id',3,'mahasiswa',1,'user.png','2018-12-27 10:08:00','123456','2020-02-25 12:43:44','admin'),(21,'1855201060','YOKSAN MART SAUDRA. P','299a23a2291e2126b91d54f3601ec162','1855201060@unilak.ac.id',3,'mahasiswa',1,'user.png','2018-12-27 10:08:00','123456','2020-02-25 12:44:33','admin'),(22,'1855201061','BUDI DWI KURNIADI','a89cf525e1d9f04d16ce31165e139a4b','1855201061@unilak.ac.id',3,'mahasiswa',1,'user.png','2018-12-27 10:08:00','123456','2020-02-25 12:45:15','admin'),(23,'1855201074','AFRIANTONI','708f3cf8100d5e71834b1db77dfa15d6','1855201074@unilak.ac.id',3,'mahasiswa',1,'user.png','2018-12-27 10:08:00','123456','2020-02-25 14:59:21','admin'),(24,'1855201075','RANDI FIRDAUS','46072631582fc240dd2674a7d063b040','1855201075@unilak.ac.id',3,'mahasiswa',1,'user.png','2018-12-27 10:08:00','123456','2020-02-25 15:00:12','admin'),(25,'1855201079','ALISA CHAIRUNNISA','43baa6762fa81bb43b39c62553b2970d','1855201079@unilak.ac.id',3,'mahasiswa',1,'user.png','2018-12-27 10:08:00','123456','2020-02-25 15:02:29','admin'),(26,'1855201081','RAKA AJI PANGESTU','36a16a2505369e0c922b6ea7a23a56d2','1855201081@unilak.ac.id',3,'mahasiswa',1,'user.png','2018-12-27 10:08:00','123456','2020-02-25 15:04:21','admin'),(27,'1855201083','SALSA PUTRI ELVINI','e5e63da79fcd2bebbd7cb8bf1c1d0274','1855201083@unilak.ac.id',3,'mahasiswa',1,'user.png','2018-12-27 10:08:00','123456','2020-02-25 15:05:21','admin'),(28,'1855201085','KRISLIANA SAUR MAIDA BR SIAGIAN','4f16c818875d9fcb6867c7bdc89be7eb','1855201085@unilak.ac.id',3,'mahasiswa',1,'user.png','2018-12-27 10:08:00','123456','2020-02-25 15:08:18','admin'),(29,'1855201091','WISNU TRIMURTI','754dda4b1ba34c6fa89716b85d68532b','1855201091@unilak.ac.id',3,'mahasiswa',1,'user.png','2018-12-27 10:08:00','123456','2020-02-25 15:13:41','admin'),(30,'1855201092','ZUNITA RUTHINA SIHOMBING','6a2feef8ed6a9fe76d6b3f30f02150b4','1855201092@unilak.ac.id',3,'mahasiswa',1,'user.png','2018-12-27 10:08:00','123456','2020-02-25 15:14:26','admin');

/*!40101 SET SQL_MODE=@OLD_SQL_MODE */;
/*!40014 SET FOREIGN_KEY_CHECKS=@OLD_FOREIGN_KEY_CHECKS */;
/*!40014 SET UNIQUE_CHECKS=@OLD_UNIQUE_CHECKS */;
/*!40111 SET SQL_NOTES=@OLD_SQL_NOTES */;
